URL,Zawartość
http://www.sport.onet.pl/najnowsze,https://www.onet.pl
http://www.sport.onet.pl/najnowsze,https://www.onet.pl
http://www.sport.onet.pl/najnowsze,https://przegladsportowy.onet.pl/
http://www.sport.onet.pl/najnowsze,/subskrypcja?src=topBar&tpcc=topBar&articleuuid=&articleUrl=https%3A%2F%2Fprzegladsportowy.onet.pl%2Fnajnowsze&source_dx=
http://www.sport.onet.pl/najnowsze,https://poczta.onet.pl/
http://www.sport.onet.pl/najnowsze,https://plebiscyt.przegladsportowy.pl/
http://www.sport.onet.pl/najnowsze,https://przegladsportowy.onet.pl/pilka-nozna
http://www.sport.onet.pl/najnowsze,https://przegladsportowy.onet.pl/tenis
http://www.sport.onet.pl/najnowsze,https://przegladsportowy.onet.pl/siatkowka
http://www.sport.onet.pl/najnowsze,https://przegladsportowy.onet.pl/zuzel
http://www.sport.onet.pl/najnowsze,https://przegladsportowy.onet.pl/sporty-zimowe/skoki-narciarskie
http://www.sport.onet.pl/najnowsze,https://przegladsportowy.onet.pl/premium
http://www.sport.onet.pl/najnowsze,https://przegladsportowy.onet.pl/bukmacherzy
http://www.sport.onet.pl/najnowsze,https://przegladsportowy.onet.pl/ofsajd
http://www.sport.onet.pl/najnowsze,https://przegladsportowy.onet.pl/alpinizm
http://www.sport.onet.pl/najnowsze,https://przegladsportowy.onet.pl/badminton
http://www.sport.onet.pl/najnowsze,https://przegladsportowy.onet.pl/baseball
http://www.sport.onet.pl/najnowsze,https://przegladsportowy.onet.pl/sporty-zimowe/biathlon
http://www.sport.onet.pl/najnowsze,https://przegladsportowy.onet.pl/czas-na-bieganie
http://www.sport.onet.pl/najnowsze,https://przegladsportowy.onet.pl/sporty-zimowe/biegi-narciarskie
http://www.sport.onet.pl/najnowsze,https://przegladsportowy.onet.pl/boks
http://www.sport.onet.pl/najnowsze,https://przegladsportowy.onet.pl/drift-masters
http://www.sport.onet.pl/najnowsze,https://przegladsportowy.onet.pl/esportmania
http://www.sport.onet.pl/najnowsze,https://przegladsportowy.onet.pl/felietony
http://www.sport.onet.pl/najnowsze,https://przegladsportowy.onet.pl/fitness-i-porady
http://www.sport.onet.pl/najnowsze,https://przegladsportowy.onet.pl/formula-1
http://www.sport.onet.pl/najnowsze,https://przegladsportowy.onet.pl/futbol-amerykanski
http://www.sport.onet.pl/najnowsze,https://przegladsportowy.onet.pl/pilka-nozna/futsal
http://www.sport.onet.pl/najnowsze,https://przegladsportowy.onet.pl/gimnastyka
http://www.sport.onet.pl/najnowsze,https://przegladsportowy.onet.pl/golf
http://www.sport.onet.pl/najnowsze,https://przegladsportowy.onet.pl/hokej-na-lodzie/
http://www.sport.onet.pl/najnowsze,https://przegladsportowy.onet.pl/hokej-na-trawie
http://www.sport.onet.pl/najnowsze,https://przegladsportowy.onet.pl/igrzyska-olimpijskie
http://www.sport.onet.pl/najnowsze,https://przegladsportowy.onet.pl/inne-sporty
http://www.sport.onet.pl/najnowsze,https://przegladsportowy.onet.pl/jezdziectwo
http://www.sport.onet.pl/najnowsze,https://przegladsportowy.onet.pl/judo
http://www.sport.onet.pl/najnowsze,https://przegladsportowy.onet.pl/junior
http://www.sport.onet.pl/najnowsze,https://przegladsportowy.onet.pl/kajakarstwo
http://www.sport.onet.pl/najnowsze,https://przegladsportowy.onet.pl/kolarstwo
http://www.sport.onet.pl/najnowsze,https://przegladsportowy.onet.pl/koszykowka
http://www.sport.onet.pl/najnowsze,https://przegladsportowy.onet.pl/lekkoatletyka
http://www.sport.onet.pl/najnowsze,https://przegladsportowy.onet.pl/lucznictwo
http://www.sport.onet.pl/najnowsze,https://przegladsportowy.onet.pl/sporty-zimowe/lyzwiarstwo
http://www.sport.onet.pl/najnowsze,https://przegladsportowy.onet.pl/misja-futbol
http://www.sport.onet.pl/najnowsze,https://przegladsportowy.onet.pl/misja-sport
http://www.sport.onet.pl/najnowsze,https://przegladsportowy.onet.pl/mma
http://www.sport.onet.pl/najnowsze,https://przegladsportowy.onet.pl/motorowe
http://www.sport.onet.pl/najnowsze,https://przegladsportowy.onet.pl/paraolimpiada
http://www.sport.onet.pl/najnowsze,https://przegladsportowy.onet.pl/igrzyska-olimpijskie/paryz-2024
http://www.sport.onet.pl/najnowsze,https://przegladsportowy.onet.pl/piecioboj-nowoczesny
http://www.sport.onet.pl/najnowsze,https://przegladsportowy.onet.pl/pilka-reczna
http://www.sport.onet.pl/najnowsze,https://przegladsportowy.onet.pl/plywanie
http://www.sport.onet.pl/najnowsze,https://przegladsportowy.onet.pl/podcasty
http://www.sport.onet.pl/najnowsze,https://przegladsportowy.onet.pl/podnoszenie-ciezarow
http://www.sport.onet.pl/najnowsze,https://przegladsportowy.onet.pl/polska-liga-esportowa
http://www.sport.onet.pl/najnowsze,https://przegladsportowy.onet.pl/porsche-esports-2023
http://www.sport.onet.pl/najnowsze,https://przegladsportowy.onet.pl/ps-historia
http://www.sport.onet.pl/najnowsze,https://gameplanet.onet.pl/gry-online/sportowe/pilka-nozna/quiz-sedzia/lpl06wy
http://www.sport.onet.pl/najnowsze,https://przegladsportowy.onet.pl/rugby
http://www.sport.onet.pl/najnowsze,https://przegladsportowy.onet.pl/snooker
http://www.sport.onet.pl/najnowsze,https://przegladsportowy.onet.pl/sport-akademicki
http://www.sport.onet.pl/najnowsze,https://przegladsportowy.onet.pl/sporty-adaptowane
http://www.sport.onet.pl/najnowsze,https://przegladsportowy.onet.pl/sporty-lotnicze
http://www.sport.onet.pl/najnowsze,https://przegladsportowy.onet.pl/sporty-motorowodne
http://www.sport.onet.pl/najnowsze,https://przegladsportowy.onet.pl/sporty-walki
http://www.sport.onet.pl/najnowsze,https://przegladsportowy.onet.pl/squash
http://www.sport.onet.pl/najnowsze,https://przegladsportowy.onet.pl/strzelectwo
http://www.sport.onet.pl/najnowsze,https://przegladsportowy.onet.pl/szachy
http://www.sport.onet.pl/najnowsze,https://przegladsportowy.onet.pl/szermierka
http://www.sport.onet.pl/najnowsze,https://przegladsportowy.onet.pl/tenis-stolowy
http://www.sport.onet.pl/najnowsze,https://przegladsportowy.onet.pl/kolarstwo/tour-de-pologne
http://www.sport.onet.pl/najnowsze,https://przegladsportowy.onet.pl/triathlon
http://www.sport.onet.pl/najnowsze,https://przegladsportowy.onet.pl/wioslarstwo
http://www.sport.onet.pl/najnowsze,https://przegladsportowy.onet.pl/wspinaczka-sportowa
http://www.sport.onet.pl/najnowsze,https://przegladsportowy.onet.pl/zapasy
http://www.sport.onet.pl/najnowsze,https://przegladsportowy.onet.pl/sporty-zimowe
http://www.sport.onet.pl/najnowsze,https://przegladsportowy.onet.pl/zeglarstwo
http://www.sport.onet.pl/najnowsze,https://wyniki.onet.pl/wyniki/pilka-nozna/1/Ekstraklasa-Tabela/196
http://www.sport.onet.pl/najnowsze,https://przegladsportowy.onet.pl/pilka-nozna/eliminacje-me/eliminacje-euro-2024-tabele-wszystkich-grup-jak-wygladaja-grupy-zobacz/t5myg5p
http://www.sport.onet.pl/najnowsze,https://wyniki.onet.pl/wyniki/pilka-nozna/1/Liga-Mistrzow-Tabela/42
http://www.sport.onet.pl/najnowsze,https://wyniki.onet.pl/wyniki/pilka-nozna/1/Liga-Europy-Tabela/73
http://www.sport.onet.pl/najnowsze,https://wyniki.onet.pl/wyniki/pilka-nozna/1/LaLiga-Tabela/87
http://www.sport.onet.pl/najnowsze,https://wyniki.onet.pl/wyniki/pilka-nozna/1/Liga-Konferencji-Europy-Tabela/10216
http://www.sport.onet.pl/najnowsze,https://wyniki.onet.pl/wyniki/pilka-nozna/1/Premier-League-Tabela/47
http://www.sport.onet.pl/najnowsze,https://wyniki.onet.pl/wyniki/pilka-nozna/1/Bundesliga-Tabela/54
http://www.sport.onet.pl/najnowsze,https://wyniki.onet.pl/wyniki/pilka-nozna/1/Serie-A-Tabela/55
http://www.sport.onet.pl/najnowsze,https://wyniki.onet.pl/wyniki/pilka-nozna/1/Ligue-1-Tabela/53
http://www.sport.onet.pl/najnowsze,https://wyniki.onet.pl/wyniki/pilka-nozna/1/Liga-Narodow-A-Tabela/9806
http://www.sport.onet.pl/najnowsze,https://wyniki.onet.pl/wyniki/pilka-nozna/1/1-Liga-Tabela/197
http://www.sport.onet.pl/najnowsze,https://wyniki.onet.pl/wyniki/pilka-nozna/1/Polska-2-Liga-Tabela/8935
http://www.sport.onet.pl/najnowsze,https://wyniki.onet.pl/wyniki/pilka-nozna/1/Liga-belgijska-Tabela/40
http://www.sport.onet.pl/najnowsze,https://wyniki.onet.pl/wyniki/pilka-nozna/1/Liga-dunska-Tabela/46
http://www.sport.onet.pl/najnowsze,https://wyniki.onet.pl/wyniki/pilka-nozna/1/Liga-holenderska-Tabela/57
http://www.sport.onet.pl/najnowsze,https://wyniki.onet.pl/wyniki/pilka-nozna/1/Liga-portugalska-Tabela/61
http://www.sport.onet.pl/najnowsze,https://wyniki.onet.pl/wyniki/pilka-nozna/1/Liga-szkocka-Tabela/64
http://www.sport.onet.pl/najnowsze,https://wyniki.onet.pl/wyniki/pilka-nozna/1/Puchar-Anglii-Wyniki/132
http://www.sport.onet.pl/najnowsze,https://wyniki.onet.pl/wyniki/pilka-nozna/1/Puchar-Hiszpanii-Wyniki/138
http://www.sport.onet.pl/najnowsze,https://wyniki.onet.pl/wyniki/koszykowka/23/NBA-Tabela/390
http://www.sport.onet.pl/najnowsze,https://wyniki.onet.pl/wyniki/hokej-na-lodzie/5/NHL-Tabela/24
http://www.sport.onet.pl/najnowsze,https://wyniki.onet.pl/wyniki/siatkowka/51/Plusliga-Tabela/8936
http://www.sport.onet.pl/najnowsze,https://wyniki.onet.pl/wyniki/pilka-reczna/20/PGNiG-Superliga-Tabela/9036
http://www.sport.onet.pl/najnowsze,https://wyniki.onet.pl/wyniki/koszykowka/23/Energa-Basket-Liga-Tabela/8937
http://www.sport.onet.pl/najnowsze,https://wyniki.onet.pl/wyniki/hokej-na-lodzie/5/Polska-Hokej-Liga-Tabela/9383
http://www.sport.onet.pl/najnowsze,https://wyniki.onet.pl/wyniki/siatkowka/51/Tauron-Liga-Tabela/9399
http://www.sport.onet.pl/najnowsze,https://wyniki.onet.pl/wyniki/pilka-reczna/20/PGNiG-Superliga-Kobiet-Tabela/9037
http://www.sport.onet.pl/najnowsze,https://przegladsportowy.onet.pl/ofsajd/jakub-kosecki-stanal-w-obronie-andrzeja-stekaly-buractwo-jestescie-prostakami/xjbbpmp
http://www.sport.onet.pl/najnowsze,https://przegladsportowy.onet.pl/tenis/australian-open/starcie-mistrzyn-na-australian-open-iga-swiatek-musi-uwazac/n3cq3ml
http://www.sport.onet.pl/najnowsze,https://przegladsportowy.onet.pl/siatkowka/proces-bylych-szefow-pzps-dobiega-konca-sa-oskarzeni-o-korupcje/22hqkp6
http://www.sport.onet.pl/najnowsze,https://przegladsportowy.onet.pl/pilka-nozna/legenda-manchesteru-united-ma-nowy-klub-oko-w-oko-z-jose-mourinho/t03y0yg
http://www.sport.onet.pl/najnowsze,https://przegladsportowy.onet.pl/hokej-na-lodzie/nhl/rosjanin-coraz-blizej-wielkiego-wyczynu-to-niesamowite-co-on-robi/6nklf95
http://www.sport.onet.pl/najnowsze,https://przegladsportowy.onet.pl/sporty-zimowe/skoki-narciarskie/tylko-pieciu-polakow-skacze-w-zakopanem-wszystko-przez-brutalne-przepisy/df7nq9h
http://www.sport.onet.pl/najnowsze,https://przegladsportowy.onet.pl/tenis/amerykanie-zauwazaja-niepokojaca-zmiane-u-aryny-sabalenki-jest-inaczej/4qj888h
http://www.sport.onet.pl/najnowsze,https://przegladsportowy.onet.pl/sporty-zimowe/snowboard/ma-rosyjskie-korzenie-wlasnie-wraca-do-sportu-po-piecioletniej-przerwie/wrrwvs4
http://www.sport.onet.pl/najnowsze,https://przegladsportowy.onet.pl/sporty-zimowe/narciarstwo-alpejskie/szwajcar-franjo-von-allmen-wygral-supergigant-denerwowalem-sie/eg7hsnq
http://www.sport.onet.pl/najnowsze,https://przegladsportowy.onet.pl/sporty-zimowe/biathlon/francuzi-triumfuja-w-sztafecie-tylko-trzy-reprezentacje-za-polska/75efwrl
http://www.sport.onet.pl/najnowsze,https://przegladsportowy.onet.pl/sporty-zimowe/biegi-narciarskie/triumf-norwega-w-les-rousses-odlegle-miejsce-polaka/cxr62qg
http://www.sport.onet.pl/najnowsze,https://przegladsportowy.onet.pl/koszykowka/wszystko-jasne-znamy-szeroka-kadre-polakow-na-mecze-eliminacyjne/vn7kppl
http://www.sport.onet.pl/najnowsze,https://przegladsportowy.onet.pl/pilka-reczna/mistrzostwa-swiata-pilkarzy-recznych/ms-pilkarzy-recznych-czechy-polska-relacja-live-i-wynik-na-zywo/ewzcc3j
http://www.sport.onet.pl/najnowsze,https://przegladsportowy.onet.pl/pilka-nozna/1-liga/polski-klub-zmuszony-do-zmian-w-terminarzu-znamy-powod/8ej75hw
http://www.sport.onet.pl/najnowsze,https://przegladsportowy.onet.pl/motorowe/wielkie-emocje-na-finiszu-rajdu-dakar-oto-co-powiedzieli-polacy/1w0qt6m
http://www.sport.onet.pl/najnowsze,https://przegladsportowy.onet.pl/motorowe/historyczne-zwyciestwo-w-rajdzie-dakar-sa-tez-sukcesy-polakow/dlzbm9j
http://www.sport.onet.pl/najnowsze,https://przegladsportowy.onet.pl/zuzel/ekstraliga/nieprawdopodobny-zwrot-sytuacji-w-gorzowie-jest-komunikat-klubu/wmxlst2
http://www.sport.onet.pl/najnowsze,https://przegladsportowy.onet.pl/pilka-nozna/ekstraklasa/motor-lublin-rozegral-kolejny-sparing-w-belek-gol-kacpra-welniaka/zvlepy0
http://www.sport.onet.pl/najnowsze,https://przegladsportowy.onet.pl/bukmacherzy/tenis/iga-swiatek-emma-raducanu-gdzie-ogladac-za-darmo-i-na-zywo-australian-open-18012025/7xbrwvh
http://www.sport.onet.pl/najnowsze,https://przegladsportowy.onet.pl/pilka-nozna/ekstraklasa/porazka-gks-u-katowice-w-turcji-trzy-stracone-gole/gv7lxrp
http://www.sport.onet.pl/najnowsze,https://przegladsportowy.onet.pl/tenis/australian-open/aryna-sabalenka-wyznala-to-problem-nie-tylko-dla-igi-swiatek-o-moj-boze/q2txjmb
http://www.sport.onet.pl/najnowsze,https://przegladsportowy.onet.pl/pilka-nozna/ekstraklasa/kolejny-sparing-puszczy-niepolomice-zespol-z-kosowa-sprawil-problemy/3dzejw0
http://www.sport.onet.pl/najnowsze,/najnowsze?strona=2
http://www.sport.onet.pl/najnowsze,https://reklama.ringieraxelspringer.pl/brand/przeglad-sportowy?utm_source=przeglad-sportowy&utm_medium=ref&utm_campaign=reklama
http://www.sport.onet.pl/najnowsze,https://premium.onet.pl/regulamin
http://www.sport.onet.pl/najnowsze,https://polityka-prywatnosci.onet.pl
http://www.sport.onet.pl/najnowsze,https://przegladsportowy.onet.pl/kontakt/1xwwxyd
http://www.sport.onet.pl/najnowsze,https://przegladsportowy.onet.pl/mapa-serwisu
http://www.sport.onet.pl/najnowsze,https://przegladsportowy.onet.pl/przeglad-sportowy-aplikacja-mobilna-polityka-prywatnosci/rntz50n
http://www.sport.onet.pl/najnowsze,https://programtv.onet.pl/filtr/sport?dzien=0
http://www.sport.onet.pl/najnowsze,https://przegladsportowy.onet.pl/o-nas
http://www.sport.onet.pl/najnowsze,https://www.onet.pl
http://www.sport.onet.pl/najnowsze,https://www.onet.pl
http://www.sport.onet.pl/najnowsze,https://przegladsportowy.onet.pl/
http://www.sport.onet.pl/najnowsze,/subskrypcja?src=topBar&tpcc=topBar&articleuuid=&articleUrl=https%3A%2F%2Fprzegladsportowy.onet.pl%2Fnajnowsze&source_dx=
http://www.sport.onet.pl/najnowsze,https://poczta.onet.pl/
http://www.sport.onet.pl/najnowsze,https://plebiscyt.przegladsportowy.pl/
http://www.sport.onet.pl/najnowsze,https://przegladsportowy.onet.pl/pilka-nozna
http://www.sport.onet.pl/najnowsze,https://przegladsportowy.onet.pl/tenis
http://www.sport.onet.pl/najnowsze,https://przegladsportowy.onet.pl/siatkowka
http://www.sport.onet.pl/najnowsze,https://przegladsportowy.onet.pl/zuzel
http://www.sport.onet.pl/najnowsze,https://przegladsportowy.onet.pl/sporty-zimowe/skoki-narciarskie
http://www.sport.onet.pl/najnowsze,https://przegladsportowy.onet.pl/premium
http://www.sport.onet.pl/najnowsze,https://przegladsportowy.onet.pl/bukmacherzy
http://www.sport.onet.pl/najnowsze,https://przegladsportowy.onet.pl/ofsajd
http://www.sport.onet.pl/najnowsze,https://przegladsportowy.onet.pl/alpinizm
http://www.sport.onet.pl/najnowsze,https://przegladsportowy.onet.pl/badminton
http://www.sport.onet.pl/najnowsze,https://przegladsportowy.onet.pl/baseball
http://www.sport.onet.pl/najnowsze,https://przegladsportowy.onet.pl/sporty-zimowe/biathlon
http://www.sport.onet.pl/najnowsze,https://przegladsportowy.onet.pl/czas-na-bieganie
http://www.sport.onet.pl/najnowsze,https://przegladsportowy.onet.pl/sporty-zimowe/biegi-narciarskie
http://www.sport.onet.pl/najnowsze,https://przegladsportowy.onet.pl/boks
http://www.sport.onet.pl/najnowsze,https://przegladsportowy.onet.pl/drift-masters
http://www.sport.onet.pl/najnowsze,https://przegladsportowy.onet.pl/esportmania
http://www.sport.onet.pl/najnowsze,https://przegladsportowy.onet.pl/felietony
http://www.sport.onet.pl/najnowsze,https://przegladsportowy.onet.pl/fitness-i-porady
http://www.sport.onet.pl/najnowsze,https://przegladsportowy.onet.pl/formula-1
http://www.sport.onet.pl/najnowsze,https://przegladsportowy.onet.pl/futbol-amerykanski
http://www.sport.onet.pl/najnowsze,https://przegladsportowy.onet.pl/pilka-nozna/futsal
http://www.sport.onet.pl/najnowsze,https://przegladsportowy.onet.pl/gimnastyka
http://www.sport.onet.pl/najnowsze,https://przegladsportowy.onet.pl/golf
http://www.sport.onet.pl/najnowsze,https://przegladsportowy.onet.pl/hokej-na-lodzie/
http://www.sport.onet.pl/najnowsze,https://przegladsportowy.onet.pl/hokej-na-trawie
http://www.sport.onet.pl/najnowsze,https://przegladsportowy.onet.pl/igrzyska-olimpijskie
http://www.sport.onet.pl/najnowsze,https://przegladsportowy.onet.pl/inne-sporty
http://www.sport.onet.pl/najnowsze,https://przegladsportowy.onet.pl/jezdziectwo
http://www.sport.onet.pl/najnowsze,https://przegladsportowy.onet.pl/judo
http://www.sport.onet.pl/najnowsze,https://przegladsportowy.onet.pl/junior
http://www.sport.onet.pl/najnowsze,https://przegladsportowy.onet.pl/kajakarstwo
http://www.sport.onet.pl/najnowsze,https://przegladsportowy.onet.pl/kolarstwo
http://www.sport.onet.pl/najnowsze,https://przegladsportowy.onet.pl/koszykowka
http://www.sport.onet.pl/najnowsze,https://przegladsportowy.onet.pl/lekkoatletyka
http://www.sport.onet.pl/najnowsze,https://przegladsportowy.onet.pl/lucznictwo
http://www.sport.onet.pl/najnowsze,https://przegladsportowy.onet.pl/sporty-zimowe/lyzwiarstwo
http://www.sport.onet.pl/najnowsze,https://przegladsportowy.onet.pl/misja-futbol
http://www.sport.onet.pl/najnowsze,https://przegladsportowy.onet.pl/misja-sport
http://www.sport.onet.pl/najnowsze,https://przegladsportowy.onet.pl/mma
http://www.sport.onet.pl/najnowsze,https://przegladsportowy.onet.pl/motorowe
http://www.sport.onet.pl/najnowsze,https://przegladsportowy.onet.pl/paraolimpiada
http://www.sport.onet.pl/najnowsze,https://przegladsportowy.onet.pl/igrzyska-olimpijskie/paryz-2024
http://www.sport.onet.pl/najnowsze,https://przegladsportowy.onet.pl/piecioboj-nowoczesny
http://www.sport.onet.pl/najnowsze,https://przegladsportowy.onet.pl/pilka-reczna
http://www.sport.onet.pl/najnowsze,https://przegladsportowy.onet.pl/plywanie
http://www.sport.onet.pl/najnowsze,https://przegladsportowy.onet.pl/podcasty
http://www.sport.onet.pl/najnowsze,https://przegladsportowy.onet.pl/podnoszenie-ciezarow
http://www.sport.onet.pl/najnowsze,https://przegladsportowy.onet.pl/polska-liga-esportowa
http://www.sport.onet.pl/najnowsze,https://przegladsportowy.onet.pl/porsche-esports-2023
http://www.sport.onet.pl/najnowsze,https://przegladsportowy.onet.pl/ps-historia
http://www.sport.onet.pl/najnowsze,https://gameplanet.onet.pl/gry-online/sportowe/pilka-nozna/quiz-sedzia/lpl06wy
http://www.sport.onet.pl/najnowsze,https://przegladsportowy.onet.pl/rugby
http://www.sport.onet.pl/najnowsze,https://przegladsportowy.onet.pl/snooker
http://www.sport.onet.pl/najnowsze,https://przegladsportowy.onet.pl/sport-akademicki
http://www.sport.onet.pl/najnowsze,https://przegladsportowy.onet.pl/sporty-adaptowane
http://www.sport.onet.pl/najnowsze,https://przegladsportowy.onet.pl/sporty-lotnicze
http://www.sport.onet.pl/najnowsze,https://przegladsportowy.onet.pl/sporty-motorowodne
http://www.sport.onet.pl/najnowsze,https://przegladsportowy.onet.pl/sporty-walki
http://www.sport.onet.pl/najnowsze,https://przegladsportowy.onet.pl/squash
http://www.sport.onet.pl/najnowsze,https://przegladsportowy.onet.pl/strzelectwo
http://www.sport.onet.pl/najnowsze,https://przegladsportowy.onet.pl/szachy
http://www.sport.onet.pl/najnowsze,https://przegladsportowy.onet.pl/szermierka
http://www.sport.onet.pl/najnowsze,https://przegladsportowy.onet.pl/tenis-stolowy
http://www.sport.onet.pl/najnowsze,https://przegladsportowy.onet.pl/kolarstwo/tour-de-pologne
http://www.sport.onet.pl/najnowsze,https://przegladsportowy.onet.pl/triathlon
http://www.sport.onet.pl/najnowsze,https://przegladsportowy.onet.pl/wioslarstwo
http://www.sport.onet.pl/najnowsze,https://przegladsportowy.onet.pl/wspinaczka-sportowa
http://www.sport.onet.pl/najnowsze,https://przegladsportowy.onet.pl/zapasy
http://www.sport.onet.pl/najnowsze,https://przegladsportowy.onet.pl/sporty-zimowe
http://www.sport.onet.pl/najnowsze,https://przegladsportowy.onet.pl/zeglarstwo
http://www.sport.onet.pl/najnowsze,https://wyniki.onet.pl/wyniki/pilka-nozna/1/Ekstraklasa-Tabela/196
http://www.sport.onet.pl/najnowsze,https://przegladsportowy.onet.pl/pilka-nozna/eliminacje-me/eliminacje-euro-2024-tabele-wszystkich-grup-jak-wygladaja-grupy-zobacz/t5myg5p
http://www.sport.onet.pl/najnowsze,https://wyniki.onet.pl/wyniki/pilka-nozna/1/Liga-Mistrzow-Tabela/42
http://www.sport.onet.pl/najnowsze,https://wyniki.onet.pl/wyniki/pilka-nozna/1/Liga-Europy-Tabela/73
http://www.sport.onet.pl/najnowsze,https://wyniki.onet.pl/wyniki/pilka-nozna/1/LaLiga-Tabela/87
http://www.sport.onet.pl/najnowsze,https://wyniki.onet.pl/wyniki/pilka-nozna/1/Liga-Konferencji-Europy-Tabela/10216
http://www.sport.onet.pl/najnowsze,https://wyniki.onet.pl/wyniki/pilka-nozna/1/Premier-League-Tabela/47
http://www.sport.onet.pl/najnowsze,https://wyniki.onet.pl/wyniki/pilka-nozna/1/Bundesliga-Tabela/54
http://www.sport.onet.pl/najnowsze,https://wyniki.onet.pl/wyniki/pilka-nozna/1/Serie-A-Tabela/55
http://www.sport.onet.pl/najnowsze,https://wyniki.onet.pl/wyniki/pilka-nozna/1/Ligue-1-Tabela/53
http://www.sport.onet.pl/najnowsze,https://wyniki.onet.pl/wyniki/pilka-nozna/1/Liga-Narodow-A-Tabela/9806
http://www.sport.onet.pl/najnowsze,https://wyniki.onet.pl/wyniki/pilka-nozna/1/1-Liga-Tabela/197
http://www.sport.onet.pl/najnowsze,https://wyniki.onet.pl/wyniki/pilka-nozna/1/Polska-2-Liga-Tabela/8935
http://www.sport.onet.pl/najnowsze,https://wyniki.onet.pl/wyniki/pilka-nozna/1/Liga-belgijska-Tabela/40
http://www.sport.onet.pl/najnowsze,https://wyniki.onet.pl/wyniki/pilka-nozna/1/Liga-dunska-Tabela/46
http://www.sport.onet.pl/najnowsze,https://wyniki.onet.pl/wyniki/pilka-nozna/1/Liga-holenderska-Tabela/57
http://www.sport.onet.pl/najnowsze,https://wyniki.onet.pl/wyniki/pilka-nozna/1/Liga-portugalska-Tabela/61
http://www.sport.onet.pl/najnowsze,https://wyniki.onet.pl/wyniki/pilka-nozna/1/Liga-szkocka-Tabela/64
http://www.sport.onet.pl/najnowsze,https://wyniki.onet.pl/wyniki/pilka-nozna/1/Puchar-Anglii-Wyniki/132
http://www.sport.onet.pl/najnowsze,https://wyniki.onet.pl/wyniki/pilka-nozna/1/Puchar-Hiszpanii-Wyniki/138
http://www.sport.onet.pl/najnowsze,https://wyniki.onet.pl/wyniki/koszykowka/23/NBA-Tabela/390
http://www.sport.onet.pl/najnowsze,https://wyniki.onet.pl/wyniki/hokej-na-lodzie/5/NHL-Tabela/24
http://www.sport.onet.pl/najnowsze,https://wyniki.onet.pl/wyniki/siatkowka/51/Plusliga-Tabela/8936
http://www.sport.onet.pl/najnowsze,https://wyniki.onet.pl/wyniki/pilka-reczna/20/PGNiG-Superliga-Tabela/9036
http://www.sport.onet.pl/najnowsze,https://wyniki.onet.pl/wyniki/koszykowka/23/Energa-Basket-Liga-Tabela/8937
http://www.sport.onet.pl/najnowsze,https://wyniki.onet.pl/wyniki/hokej-na-lodzie/5/Polska-Hokej-Liga-Tabela/9383
http://www.sport.onet.pl/najnowsze,https://wyniki.onet.pl/wyniki/siatkowka/51/Tauron-Liga-Tabela/9399
http://www.sport.onet.pl/najnowsze,https://wyniki.onet.pl/wyniki/pilka-reczna/20/PGNiG-Superliga-Kobiet-Tabela/9037
http://www.sport.onet.pl/najnowsze,https://przegladsportowy.onet.pl/ofsajd/jakub-kosecki-stanal-w-obronie-andrzeja-stekaly-buractwo-jestescie-prostakami/xjbbpmp
http://www.sport.onet.pl/najnowsze,https://przegladsportowy.onet.pl/tenis/australian-open/starcie-mistrzyn-na-australian-open-iga-swiatek-musi-uwazac/n3cq3ml
http://www.sport.onet.pl/najnowsze,https://przegladsportowy.onet.pl/siatkowka/proces-bylych-szefow-pzps-dobiega-konca-sa-oskarzeni-o-korupcje/22hqkp6
http://www.sport.onet.pl/najnowsze,https://przegladsportowy.onet.pl/pilka-nozna/legenda-manchesteru-united-ma-nowy-klub-oko-w-oko-z-jose-mourinho/t03y0yg
http://www.sport.onet.pl/najnowsze,https://przegladsportowy.onet.pl/hokej-na-lodzie/nhl/rosjanin-coraz-blizej-wielkiego-wyczynu-to-niesamowite-co-on-robi/6nklf95
http://www.sport.onet.pl/najnowsze,https://przegladsportowy.onet.pl/sporty-zimowe/skoki-narciarskie/tylko-pieciu-polakow-skacze-w-zakopanem-wszystko-przez-brutalne-przepisy/df7nq9h
http://www.sport.onet.pl/najnowsze,https://przegladsportowy.onet.pl/tenis/amerykanie-zauwazaja-niepokojaca-zmiane-u-aryny-sabalenki-jest-inaczej/4qj888h
http://www.sport.onet.pl/najnowsze,https://przegladsportowy.onet.pl/sporty-zimowe/snowboard/ma-rosyjskie-korzenie-wlasnie-wraca-do-sportu-po-piecioletniej-przerwie/wrrwvs4
http://www.sport.onet.pl/najnowsze,https://przegladsportowy.onet.pl/sporty-zimowe/narciarstwo-alpejskie/szwajcar-franjo-von-allmen-wygral-supergigant-denerwowalem-sie/eg7hsnq
http://www.sport.onet.pl/najnowsze,https://przegladsportowy.onet.pl/sporty-zimowe/biathlon/francuzi-triumfuja-w-sztafecie-tylko-trzy-reprezentacje-za-polska/75efwrl
http://www.sport.onet.pl/najnowsze,https://przegladsportowy.onet.pl/sporty-zimowe/biegi-narciarskie/triumf-norwega-w-les-rousses-odlegle-miejsce-polaka/cxr62qg
http://www.sport.onet.pl/najnowsze,https://przegladsportowy.onet.pl/koszykowka/wszystko-jasne-znamy-szeroka-kadre-polakow-na-mecze-eliminacyjne/vn7kppl
http://www.sport.onet.pl/najnowsze,https://przegladsportowy.onet.pl/pilka-reczna/mistrzostwa-swiata-pilkarzy-recznych/ms-pilkarzy-recznych-czechy-polska-relacja-live-i-wynik-na-zywo/ewzcc3j
http://www.sport.onet.pl/najnowsze,https://przegladsportowy.onet.pl/pilka-nozna/1-liga/polski-klub-zmuszony-do-zmian-w-terminarzu-znamy-powod/8ej75hw
http://www.sport.onet.pl/najnowsze,https://przegladsportowy.onet.pl/motorowe/wielkie-emocje-na-finiszu-rajdu-dakar-oto-co-powiedzieli-polacy/1w0qt6m
http://www.sport.onet.pl/najnowsze,https://przegladsportowy.onet.pl/motorowe/historyczne-zwyciestwo-w-rajdzie-dakar-sa-tez-sukcesy-polakow/dlzbm9j
http://www.sport.onet.pl/najnowsze,https://przegladsportowy.onet.pl/zuzel/ekstraliga/nieprawdopodobny-zwrot-sytuacji-w-gorzowie-jest-komunikat-klubu/wmxlst2
http://www.sport.onet.pl/najnowsze,https://przegladsportowy.onet.pl/pilka-nozna/ekstraklasa/motor-lublin-rozegral-kolejny-sparing-w-belek-gol-kacpra-welniaka/zvlepy0
http://www.sport.onet.pl/najnowsze,https://przegladsportowy.onet.pl/bukmacherzy/tenis/iga-swiatek-emma-raducanu-gdzie-ogladac-za-darmo-i-na-zywo-australian-open-18012025/7xbrwvh
http://www.sport.onet.pl/najnowsze,https://przegladsportowy.onet.pl/pilka-nozna/ekstraklasa/porazka-gks-u-katowice-w-turcji-trzy-stracone-gole/gv7lxrp
http://www.sport.onet.pl/najnowsze,https://przegladsportowy.onet.pl/tenis/australian-open/aryna-sabalenka-wyznala-to-problem-nie-tylko-dla-igi-swiatek-o-moj-boze/q2txjmb
http://www.sport.onet.pl/najnowsze,https://przegladsportowy.onet.pl/pilka-nozna/ekstraklasa/kolejny-sparing-puszczy-niepolomice-zespol-z-kosowa-sprawil-problemy/3dzejw0
http://www.sport.onet.pl/najnowsze,/najnowsze?strona=2
http://www.sport.onet.pl/najnowsze,https://reklama.ringieraxelspringer.pl/brand/przeglad-sportowy?utm_source=przeglad-sportowy&utm_medium=ref&utm_campaign=reklama
http://www.sport.onet.pl/najnowsze,https://premium.onet.pl/regulamin
http://www.sport.onet.pl/najnowsze,https://polityka-prywatnosci.onet.pl
http://www.sport.onet.pl/najnowsze,https://przegladsportowy.onet.pl/kontakt/1xwwxyd
http://www.sport.onet.pl/najnowsze,https://przegladsportowy.onet.pl/mapa-serwisu
http://www.sport.onet.pl/najnowsze,https://przegladsportowy.onet.pl/przeglad-sportowy-aplikacja-mobilna-polityka-prywatnosci/rntz50n
http://www.sport.onet.pl/najnowsze,https://programtv.onet.pl/filtr/sport?dzien=0
http://www.sport.onet.pl/najnowsze,https://przegladsportowy.onet.pl/o-nas
http://www.sport.onet.pl/najnowsze,https://www.onet.pl
http://www.sport.onet.pl/najnowsze,https://www.onet.pl
http://www.sport.onet.pl/najnowsze,https://przegladsportowy.onet.pl/
http://www.sport.onet.pl/najnowsze,/subskrypcja?src=topBar&tpcc=topBar&articleuuid=&articleUrl=https%3A%2F%2Fprzegladsportowy.onet.pl%2Fnajnowsze&source_dx=
http://www.sport.onet.pl/najnowsze,https://poczta.onet.pl/
http://www.sport.onet.pl/najnowsze,https://plebiscyt.przegladsportowy.pl/
http://www.sport.onet.pl/najnowsze,https://przegladsportowy.onet.pl/pilka-nozna
http://www.sport.onet.pl/najnowsze,https://przegladsportowy.onet.pl/tenis
http://www.sport.onet.pl/najnowsze,https://przegladsportowy.onet.pl/siatkowka
http://www.sport.onet.pl/najnowsze,https://przegladsportowy.onet.pl/zuzel
http://www.sport.onet.pl/najnowsze,https://przegladsportowy.onet.pl/sporty-zimowe/skoki-narciarskie
http://www.sport.onet.pl/najnowsze,https://przegladsportowy.onet.pl/premium
http://www.sport.onet.pl/najnowsze,https://przegladsportowy.onet.pl/bukmacherzy
http://www.sport.onet.pl/najnowsze,https://przegladsportowy.onet.pl/ofsajd
http://www.sport.onet.pl/najnowsze,https://przegladsportowy.onet.pl/alpinizm
http://www.sport.onet.pl/najnowsze,https://przegladsportowy.onet.pl/badminton
http://www.sport.onet.pl/najnowsze,https://przegladsportowy.onet.pl/baseball
http://www.sport.onet.pl/najnowsze,https://przegladsportowy.onet.pl/sporty-zimowe/biathlon
http://www.sport.onet.pl/najnowsze,https://przegladsportowy.onet.pl/czas-na-bieganie
http://www.sport.onet.pl/najnowsze,https://przegladsportowy.onet.pl/sporty-zimowe/biegi-narciarskie
http://www.sport.onet.pl/najnowsze,https://przegladsportowy.onet.pl/boks
http://www.sport.onet.pl/najnowsze,https://przegladsportowy.onet.pl/drift-masters
http://www.sport.onet.pl/najnowsze,https://przegladsportowy.onet.pl/esportmania
http://www.sport.onet.pl/najnowsze,https://przegladsportowy.onet.pl/felietony
http://www.sport.onet.pl/najnowsze,https://przegladsportowy.onet.pl/fitness-i-porady
http://www.sport.onet.pl/najnowsze,https://przegladsportowy.onet.pl/formula-1
http://www.sport.onet.pl/najnowsze,https://przegladsportowy.onet.pl/futbol-amerykanski
http://www.sport.onet.pl/najnowsze,https://przegladsportowy.onet.pl/pilka-nozna/futsal
http://www.sport.onet.pl/najnowsze,https://przegladsportowy.onet.pl/gimnastyka
http://www.sport.onet.pl/najnowsze,https://przegladsportowy.onet.pl/golf
http://www.sport.onet.pl/najnowsze,https://przegladsportowy.onet.pl/hokej-na-lodzie/
http://www.sport.onet.pl/najnowsze,https://przegladsportowy.onet.pl/hokej-na-trawie
http://www.sport.onet.pl/najnowsze,https://przegladsportowy.onet.pl/igrzyska-olimpijskie
http://www.sport.onet.pl/najnowsze,https://przegladsportowy.onet.pl/inne-sporty
http://www.sport.onet.pl/najnowsze,https://przegladsportowy.onet.pl/jezdziectwo
http://www.sport.onet.pl/najnowsze,https://przegladsportowy.onet.pl/judo
http://www.sport.onet.pl/najnowsze,https://przegladsportowy.onet.pl/junior
http://www.sport.onet.pl/najnowsze,https://przegladsportowy.onet.pl/kajakarstwo
http://www.sport.onet.pl/najnowsze,https://przegladsportowy.onet.pl/kolarstwo
http://www.sport.onet.pl/najnowsze,https://przegladsportowy.onet.pl/koszykowka
http://www.sport.onet.pl/najnowsze,https://przegladsportowy.onet.pl/lekkoatletyka
http://www.sport.onet.pl/najnowsze,https://przegladsportowy.onet.pl/lucznictwo
http://www.sport.onet.pl/najnowsze,https://przegladsportowy.onet.pl/sporty-zimowe/lyzwiarstwo
http://www.sport.onet.pl/najnowsze,https://przegladsportowy.onet.pl/misja-futbol
http://www.sport.onet.pl/najnowsze,https://przegladsportowy.onet.pl/misja-sport
http://www.sport.onet.pl/najnowsze,https://przegladsportowy.onet.pl/mma
http://www.sport.onet.pl/najnowsze,https://przegladsportowy.onet.pl/motorowe
http://www.sport.onet.pl/najnowsze,https://przegladsportowy.onet.pl/paraolimpiada
http://www.sport.onet.pl/najnowsze,https://przegladsportowy.onet.pl/igrzyska-olimpijskie/paryz-2024
http://www.sport.onet.pl/najnowsze,https://przegladsportowy.onet.pl/piecioboj-nowoczesny
http://www.sport.onet.pl/najnowsze,https://przegladsportowy.onet.pl/pilka-reczna
http://www.sport.onet.pl/najnowsze,https://przegladsportowy.onet.pl/plywanie
http://www.sport.onet.pl/najnowsze,https://przegladsportowy.onet.pl/podcasty
http://www.sport.onet.pl/najnowsze,https://przegladsportowy.onet.pl/podnoszenie-ciezarow
http://www.sport.onet.pl/najnowsze,https://przegladsportowy.onet.pl/polska-liga-esportowa
http://www.sport.onet.pl/najnowsze,https://przegladsportowy.onet.pl/porsche-esports-2023
http://www.sport.onet.pl/najnowsze,https://przegladsportowy.onet.pl/ps-historia
http://www.sport.onet.pl/najnowsze,https://gameplanet.onet.pl/gry-online/sportowe/pilka-nozna/quiz-sedzia/lpl06wy
http://www.sport.onet.pl/najnowsze,https://przegladsportowy.onet.pl/rugby
http://www.sport.onet.pl/najnowsze,https://przegladsportowy.onet.pl/snooker
http://www.sport.onet.pl/najnowsze,https://przegladsportowy.onet.pl/sport-akademicki
http://www.sport.onet.pl/najnowsze,https://przegladsportowy.onet.pl/sporty-adaptowane
http://www.sport.onet.pl/najnowsze,https://przegladsportowy.onet.pl/sporty-lotnicze
http://www.sport.onet.pl/najnowsze,https://przegladsportowy.onet.pl/sporty-motorowodne
http://www.sport.onet.pl/najnowsze,https://przegladsportowy.onet.pl/sporty-walki
http://www.sport.onet.pl/najnowsze,https://przegladsportowy.onet.pl/squash
http://www.sport.onet.pl/najnowsze,https://przegladsportowy.onet.pl/strzelectwo
http://www.sport.onet.pl/najnowsze,https://przegladsportowy.onet.pl/szachy
http://www.sport.onet.pl/najnowsze,https://przegladsportowy.onet.pl/szermierka
http://www.sport.onet.pl/najnowsze,https://przegladsportowy.onet.pl/tenis-stolowy
http://www.sport.onet.pl/najnowsze,https://przegladsportowy.onet.pl/kolarstwo/tour-de-pologne
http://www.sport.onet.pl/najnowsze,https://przegladsportowy.onet.pl/triathlon
http://www.sport.onet.pl/najnowsze,https://przegladsportowy.onet.pl/wioslarstwo
http://www.sport.onet.pl/najnowsze,https://przegladsportowy.onet.pl/wspinaczka-sportowa
http://www.sport.onet.pl/najnowsze,https://przegladsportowy.onet.pl/zapasy
http://www.sport.onet.pl/najnowsze,https://przegladsportowy.onet.pl/sporty-zimowe
http://www.sport.onet.pl/najnowsze,https://przegladsportowy.onet.pl/zeglarstwo
http://www.sport.onet.pl/najnowsze,https://wyniki.onet.pl/wyniki/pilka-nozna/1/Ekstraklasa-Tabela/196
http://www.sport.onet.pl/najnowsze,https://przegladsportowy.onet.pl/pilka-nozna/eliminacje-me/eliminacje-euro-2024-tabele-wszystkich-grup-jak-wygladaja-grupy-zobacz/t5myg5p
http://www.sport.onet.pl/najnowsze,https://wyniki.onet.pl/wyniki/pilka-nozna/1/Liga-Mistrzow-Tabela/42
http://www.sport.onet.pl/najnowsze,https://wyniki.onet.pl/wyniki/pilka-nozna/1/Liga-Europy-Tabela/73
http://www.sport.onet.pl/najnowsze,https://wyniki.onet.pl/wyniki/pilka-nozna/1/LaLiga-Tabela/87
http://www.sport.onet.pl/najnowsze,https://wyniki.onet.pl/wyniki/pilka-nozna/1/Liga-Konferencji-Europy-Tabela/10216
http://www.sport.onet.pl/najnowsze,https://wyniki.onet.pl/wyniki/pilka-nozna/1/Premier-League-Tabela/47
http://www.sport.onet.pl/najnowsze,https://wyniki.onet.pl/wyniki/pilka-nozna/1/Bundesliga-Tabela/54
http://www.sport.onet.pl/najnowsze,https://wyniki.onet.pl/wyniki/pilka-nozna/1/Serie-A-Tabela/55
http://www.sport.onet.pl/najnowsze,https://wyniki.onet.pl/wyniki/pilka-nozna/1/Ligue-1-Tabela/53
http://www.sport.onet.pl/najnowsze,https://wyniki.onet.pl/wyniki/pilka-nozna/1/Liga-Narodow-A-Tabela/9806
http://www.sport.onet.pl/najnowsze,https://wyniki.onet.pl/wyniki/pilka-nozna/1/1-Liga-Tabela/197
http://www.sport.onet.pl/najnowsze,https://wyniki.onet.pl/wyniki/pilka-nozna/1/Polska-2-Liga-Tabela/8935
http://www.sport.onet.pl/najnowsze,https://wyniki.onet.pl/wyniki/pilka-nozna/1/Liga-belgijska-Tabela/40
http://www.sport.onet.pl/najnowsze,https://wyniki.onet.pl/wyniki/pilka-nozna/1/Liga-dunska-Tabela/46
http://www.sport.onet.pl/najnowsze,https://wyniki.onet.pl/wyniki/pilka-nozna/1/Liga-holenderska-Tabela/57
http://www.sport.onet.pl/najnowsze,https://wyniki.onet.pl/wyniki/pilka-nozna/1/Liga-portugalska-Tabela/61
http://www.sport.onet.pl/najnowsze,https://wyniki.onet.pl/wyniki/pilka-nozna/1/Liga-szkocka-Tabela/64
http://www.sport.onet.pl/najnowsze,https://wyniki.onet.pl/wyniki/pilka-nozna/1/Puchar-Anglii-Wyniki/132
http://www.sport.onet.pl/najnowsze,https://wyniki.onet.pl/wyniki/pilka-nozna/1/Puchar-Hiszpanii-Wyniki/138
http://www.sport.onet.pl/najnowsze,https://wyniki.onet.pl/wyniki/koszykowka/23/NBA-Tabela/390
http://www.sport.onet.pl/najnowsze,https://wyniki.onet.pl/wyniki/hokej-na-lodzie/5/NHL-Tabela/24
http://www.sport.onet.pl/najnowsze,https://wyniki.onet.pl/wyniki/siatkowka/51/Plusliga-Tabela/8936
http://www.sport.onet.pl/najnowsze,https://wyniki.onet.pl/wyniki/pilka-reczna/20/PGNiG-Superliga-Tabela/9036
http://www.sport.onet.pl/najnowsze,https://wyniki.onet.pl/wyniki/koszykowka/23/Energa-Basket-Liga-Tabela/8937
http://www.sport.onet.pl/najnowsze,https://wyniki.onet.pl/wyniki/hokej-na-lodzie/5/Polska-Hokej-Liga-Tabela/9383
http://www.sport.onet.pl/najnowsze,https://wyniki.onet.pl/wyniki/siatkowka/51/Tauron-Liga-Tabela/9399
http://www.sport.onet.pl/najnowsze,https://wyniki.onet.pl/wyniki/pilka-reczna/20/PGNiG-Superliga-Kobiet-Tabela/9037
http://www.sport.onet.pl/najnowsze,https://przegladsportowy.onet.pl/ofsajd/jakub-kosecki-stanal-w-obronie-andrzeja-stekaly-buractwo-jestescie-prostakami/xjbbpmp
http://www.sport.onet.pl/najnowsze,https://przegladsportowy.onet.pl/tenis/australian-open/starcie-mistrzyn-na-australian-open-iga-swiatek-musi-uwazac/n3cq3ml
http://www.sport.onet.pl/najnowsze,https://przegladsportowy.onet.pl/siatkowka/proces-bylych-szefow-pzps-dobiega-konca-sa-oskarzeni-o-korupcje/22hqkp6
http://www.sport.onet.pl/najnowsze,https://przegladsportowy.onet.pl/pilka-nozna/legenda-manchesteru-united-ma-nowy-klub-oko-w-oko-z-jose-mourinho/t03y0yg
http://www.sport.onet.pl/najnowsze,https://przegladsportowy.onet.pl/hokej-na-lodzie/nhl/rosjanin-coraz-blizej-wielkiego-wyczynu-to-niesamowite-co-on-robi/6nklf95
http://www.sport.onet.pl/najnowsze,https://przegladsportowy.onet.pl/sporty-zimowe/skoki-narciarskie/tylko-pieciu-polakow-skacze-w-zakopanem-wszystko-przez-brutalne-przepisy/df7nq9h
http://www.sport.onet.pl/najnowsze,https://przegladsportowy.onet.pl/tenis/amerykanie-zauwazaja-niepokojaca-zmiane-u-aryny-sabalenki-jest-inaczej/4qj888h
http://www.sport.onet.pl/najnowsze,https://przegladsportowy.onet.pl/sporty-zimowe/snowboard/ma-rosyjskie-korzenie-wlasnie-wraca-do-sportu-po-piecioletniej-przerwie/wrrwvs4
http://www.sport.onet.pl/najnowsze,https://przegladsportowy.onet.pl/sporty-zimowe/narciarstwo-alpejskie/szwajcar-franjo-von-allmen-wygral-supergigant-denerwowalem-sie/eg7hsnq
http://www.sport.onet.pl/najnowsze,https://przegladsportowy.onet.pl/sporty-zimowe/biathlon/francuzi-triumfuja-w-sztafecie-tylko-trzy-reprezentacje-za-polska/75efwrl
http://www.sport.onet.pl/najnowsze,https://przegladsportowy.onet.pl/sporty-zimowe/biegi-narciarskie/triumf-norwega-w-les-rousses-odlegle-miejsce-polaka/cxr62qg
http://www.sport.onet.pl/najnowsze,https://przegladsportowy.onet.pl/koszykowka/wszystko-jasne-znamy-szeroka-kadre-polakow-na-mecze-eliminacyjne/vn7kppl
http://www.sport.onet.pl/najnowsze,https://przegladsportowy.onet.pl/pilka-reczna/mistrzostwa-swiata-pilkarzy-recznych/ms-pilkarzy-recznych-czechy-polska-relacja-live-i-wynik-na-zywo/ewzcc3j
http://www.sport.onet.pl/najnowsze,https://przegladsportowy.onet.pl/pilka-nozna/1-liga/polski-klub-zmuszony-do-zmian-w-terminarzu-znamy-powod/8ej75hw
http://www.sport.onet.pl/najnowsze,https://przegladsportowy.onet.pl/motorowe/wielkie-emocje-na-finiszu-rajdu-dakar-oto-co-powiedzieli-polacy/1w0qt6m
http://www.sport.onet.pl/najnowsze,https://przegladsportowy.onet.pl/motorowe/historyczne-zwyciestwo-w-rajdzie-dakar-sa-tez-sukcesy-polakow/dlzbm9j
http://www.sport.onet.pl/najnowsze,https://przegladsportowy.onet.pl/zuzel/ekstraliga/nieprawdopodobny-zwrot-sytuacji-w-gorzowie-jest-komunikat-klubu/wmxlst2
http://www.sport.onet.pl/najnowsze,https://przegladsportowy.onet.pl/pilka-nozna/ekstraklasa/motor-lublin-rozegral-kolejny-sparing-w-belek-gol-kacpra-welniaka/zvlepy0
http://www.sport.onet.pl/najnowsze,https://przegladsportowy.onet.pl/bukmacherzy/tenis/iga-swiatek-emma-raducanu-gdzie-ogladac-za-darmo-i-na-zywo-australian-open-18012025/7xbrwvh
http://www.sport.onet.pl/najnowsze,https://przegladsportowy.onet.pl/pilka-nozna/ekstraklasa/porazka-gks-u-katowice-w-turcji-trzy-stracone-gole/gv7lxrp
http://www.sport.onet.pl/najnowsze,https://przegladsportowy.onet.pl/tenis/australian-open/aryna-sabalenka-wyznala-to-problem-nie-tylko-dla-igi-swiatek-o-moj-boze/q2txjmb
http://www.sport.onet.pl/najnowsze,https://przegladsportowy.onet.pl/pilka-nozna/ekstraklasa/kolejny-sparing-puszczy-niepolomice-zespol-z-kosowa-sprawil-problemy/3dzejw0
http://www.sport.onet.pl/najnowsze,/najnowsze?strona=2
http://www.sport.onet.pl/najnowsze,https://reklama.ringieraxelspringer.pl/brand/przeglad-sportowy?utm_source=przeglad-sportowy&utm_medium=ref&utm_campaign=reklama
http://www.sport.onet.pl/najnowsze,https://premium.onet.pl/regulamin
http://www.sport.onet.pl/najnowsze,https://polityka-prywatnosci.onet.pl
http://www.sport.onet.pl/najnowsze,https://przegladsportowy.onet.pl/kontakt/1xwwxyd
http://www.sport.onet.pl/najnowsze,https://przegladsportowy.onet.pl/mapa-serwisu
http://www.sport.onet.pl/najnowsze,https://przegladsportowy.onet.pl/przeglad-sportowy-aplikacja-mobilna-polityka-prywatnosci/rntz50n
http://www.sport.onet.pl/najnowsze,https://programtv.onet.pl/filtr/sport?dzien=0
http://www.sport.onet.pl/najnowsze,https://przegladsportowy.onet.pl/o-nas
http://www.sport.onet.pl/najnowsze,https://www.onet.pl
http://www.sport.onet.pl/najnowsze,https://www.onet.pl
http://www.sport.onet.pl/najnowsze,https://przegladsportowy.onet.pl/
http://www.sport.onet.pl/najnowsze,/subskrypcja?src=topBar&tpcc=topBar&articleuuid=&articleUrl=https%3A%2F%2Fprzegladsportowy.onet.pl%2Fnajnowsze&source_dx=
http://www.sport.onet.pl/najnowsze,https://poczta.onet.pl/
http://www.sport.onet.pl/najnowsze,https://plebiscyt.przegladsportowy.pl/
http://www.sport.onet.pl/najnowsze,https://przegladsportowy.onet.pl/pilka-nozna
http://www.sport.onet.pl/najnowsze,https://przegladsportowy.onet.pl/tenis
http://www.sport.onet.pl/najnowsze,https://przegladsportowy.onet.pl/siatkowka
http://www.sport.onet.pl/najnowsze,https://przegladsportowy.onet.pl/zuzel
http://www.sport.onet.pl/najnowsze,https://przegladsportowy.onet.pl/sporty-zimowe/skoki-narciarskie
http://www.sport.onet.pl/najnowsze,https://przegladsportowy.onet.pl/premium
http://www.sport.onet.pl/najnowsze,https://przegladsportowy.onet.pl/bukmacherzy
http://www.sport.onet.pl/najnowsze,https://przegladsportowy.onet.pl/ofsajd
http://www.sport.onet.pl/najnowsze,https://przegladsportowy.onet.pl/alpinizm
http://www.sport.onet.pl/najnowsze,https://przegladsportowy.onet.pl/badminton
http://www.sport.onet.pl/najnowsze,https://przegladsportowy.onet.pl/baseball
http://www.sport.onet.pl/najnowsze,https://przegladsportowy.onet.pl/sporty-zimowe/biathlon
http://www.sport.onet.pl/najnowsze,https://przegladsportowy.onet.pl/czas-na-bieganie
http://www.sport.onet.pl/najnowsze,https://przegladsportowy.onet.pl/sporty-zimowe/biegi-narciarskie
http://www.sport.onet.pl/najnowsze,https://przegladsportowy.onet.pl/boks
http://www.sport.onet.pl/najnowsze,https://przegladsportowy.onet.pl/drift-masters
http://www.sport.onet.pl/najnowsze,https://przegladsportowy.onet.pl/esportmania
http://www.sport.onet.pl/najnowsze,https://przegladsportowy.onet.pl/felietony
http://www.sport.onet.pl/najnowsze,https://przegladsportowy.onet.pl/fitness-i-porady
http://www.sport.onet.pl/najnowsze,https://przegladsportowy.onet.pl/formula-1
http://www.sport.onet.pl/najnowsze,https://przegladsportowy.onet.pl/futbol-amerykanski
http://www.sport.onet.pl/najnowsze,https://przegladsportowy.onet.pl/pilka-nozna/futsal
http://www.sport.onet.pl/najnowsze,https://przegladsportowy.onet.pl/gimnastyka
http://www.sport.onet.pl/najnowsze,https://przegladsportowy.onet.pl/golf
http://www.sport.onet.pl/najnowsze,https://przegladsportowy.onet.pl/hokej-na-lodzie/
http://www.sport.onet.pl/najnowsze,https://przegladsportowy.onet.pl/hokej-na-trawie
http://www.sport.onet.pl/najnowsze,https://przegladsportowy.onet.pl/igrzyska-olimpijskie
http://www.sport.onet.pl/najnowsze,https://przegladsportowy.onet.pl/inne-sporty
http://www.sport.onet.pl/najnowsze,https://przegladsportowy.onet.pl/jezdziectwo
http://www.sport.onet.pl/najnowsze,https://przegladsportowy.onet.pl/judo
http://www.sport.onet.pl/najnowsze,https://przegladsportowy.onet.pl/junior
http://www.sport.onet.pl/najnowsze,https://przegladsportowy.onet.pl/kajakarstwo
http://www.sport.onet.pl/najnowsze,https://przegladsportowy.onet.pl/kolarstwo
http://www.sport.onet.pl/najnowsze,https://przegladsportowy.onet.pl/koszykowka
http://www.sport.onet.pl/najnowsze,https://przegladsportowy.onet.pl/lekkoatletyka
http://www.sport.onet.pl/najnowsze,https://przegladsportowy.onet.pl/lucznictwo
http://www.sport.onet.pl/najnowsze,https://przegladsportowy.onet.pl/sporty-zimowe/lyzwiarstwo
http://www.sport.onet.pl/najnowsze,https://przegladsportowy.onet.pl/misja-futbol
http://www.sport.onet.pl/najnowsze,https://przegladsportowy.onet.pl/misja-sport
http://www.sport.onet.pl/najnowsze,https://przegladsportowy.onet.pl/mma
http://www.sport.onet.pl/najnowsze,https://przegladsportowy.onet.pl/motorowe
http://www.sport.onet.pl/najnowsze,https://przegladsportowy.onet.pl/paraolimpiada
http://www.sport.onet.pl/najnowsze,https://przegladsportowy.onet.pl/igrzyska-olimpijskie/paryz-2024
http://www.sport.onet.pl/najnowsze,https://przegladsportowy.onet.pl/piecioboj-nowoczesny
http://www.sport.onet.pl/najnowsze,https://przegladsportowy.onet.pl/pilka-reczna
http://www.sport.onet.pl/najnowsze,https://przegladsportowy.onet.pl/plywanie
http://www.sport.onet.pl/najnowsze,https://przegladsportowy.onet.pl/podcasty
http://www.sport.onet.pl/najnowsze,https://przegladsportowy.onet.pl/podnoszenie-ciezarow
http://www.sport.onet.pl/najnowsze,https://przegladsportowy.onet.pl/polska-liga-esportowa
http://www.sport.onet.pl/najnowsze,https://przegladsportowy.onet.pl/porsche-esports-2023
http://www.sport.onet.pl/najnowsze,https://przegladsportowy.onet.pl/ps-historia
http://www.sport.onet.pl/najnowsze,https://gameplanet.onet.pl/gry-online/sportowe/pilka-nozna/quiz-sedzia/lpl06wy
http://www.sport.onet.pl/najnowsze,https://przegladsportowy.onet.pl/rugby
http://www.sport.onet.pl/najnowsze,https://przegladsportowy.onet.pl/snooker
http://www.sport.onet.pl/najnowsze,https://przegladsportowy.onet.pl/sport-akademicki
http://www.sport.onet.pl/najnowsze,https://przegladsportowy.onet.pl/sporty-adaptowane
http://www.sport.onet.pl/najnowsze,https://przegladsportowy.onet.pl/sporty-lotnicze
http://www.sport.onet.pl/najnowsze,https://przegladsportowy.onet.pl/sporty-motorowodne
http://www.sport.onet.pl/najnowsze,https://przegladsportowy.onet.pl/sporty-walki
http://www.sport.onet.pl/najnowsze,https://przegladsportowy.onet.pl/squash
http://www.sport.onet.pl/najnowsze,https://przegladsportowy.onet.pl/strzelectwo
http://www.sport.onet.pl/najnowsze,https://przegladsportowy.onet.pl/szachy
http://www.sport.onet.pl/najnowsze,https://przegladsportowy.onet.pl/szermierka
http://www.sport.onet.pl/najnowsze,https://przegladsportowy.onet.pl/tenis-stolowy
http://www.sport.onet.pl/najnowsze,https://przegladsportowy.onet.pl/kolarstwo/tour-de-pologne
http://www.sport.onet.pl/najnowsze,https://przegladsportowy.onet.pl/triathlon
http://www.sport.onet.pl/najnowsze,https://przegladsportowy.onet.pl/wioslarstwo
http://www.sport.onet.pl/najnowsze,https://przegladsportowy.onet.pl/wspinaczka-sportowa
http://www.sport.onet.pl/najnowsze,https://przegladsportowy.onet.pl/zapasy
http://www.sport.onet.pl/najnowsze,https://przegladsportowy.onet.pl/sporty-zimowe
http://www.sport.onet.pl/najnowsze,https://przegladsportowy.onet.pl/zeglarstwo
http://www.sport.onet.pl/najnowsze,https://wyniki.onet.pl/wyniki/pilka-nozna/1/Ekstraklasa-Tabela/196
http://www.sport.onet.pl/najnowsze,https://przegladsportowy.onet.pl/pilka-nozna/eliminacje-me/eliminacje-euro-2024-tabele-wszystkich-grup-jak-wygladaja-grupy-zobacz/t5myg5p
http://www.sport.onet.pl/najnowsze,https://wyniki.onet.pl/wyniki/pilka-nozna/1/Liga-Mistrzow-Tabela/42
http://www.sport.onet.pl/najnowsze,https://wyniki.onet.pl/wyniki/pilka-nozna/1/Liga-Europy-Tabela/73
http://www.sport.onet.pl/najnowsze,https://wyniki.onet.pl/wyniki/pilka-nozna/1/LaLiga-Tabela/87
http://www.sport.onet.pl/najnowsze,https://wyniki.onet.pl/wyniki/pilka-nozna/1/Liga-Konferencji-Europy-Tabela/10216
http://www.sport.onet.pl/najnowsze,https://wyniki.onet.pl/wyniki/pilka-nozna/1/Premier-League-Tabela/47
http://www.sport.onet.pl/najnowsze,https://wyniki.onet.pl/wyniki/pilka-nozna/1/Bundesliga-Tabela/54
http://www.sport.onet.pl/najnowsze,https://wyniki.onet.pl/wyniki/pilka-nozna/1/Serie-A-Tabela/55
http://www.sport.onet.pl/najnowsze,https://wyniki.onet.pl/wyniki/pilka-nozna/1/Ligue-1-Tabela/53
http://www.sport.onet.pl/najnowsze,https://wyniki.onet.pl/wyniki/pilka-nozna/1/Liga-Narodow-A-Tabela/9806
http://www.sport.onet.pl/najnowsze,https://wyniki.onet.pl/wyniki/pilka-nozna/1/1-Liga-Tabela/197
http://www.sport.onet.pl/najnowsze,https://wyniki.onet.pl/wyniki/pilka-nozna/1/Polska-2-Liga-Tabela/8935
http://www.sport.onet.pl/najnowsze,https://wyniki.onet.pl/wyniki/pilka-nozna/1/Liga-belgijska-Tabela/40
http://www.sport.onet.pl/najnowsze,https://wyniki.onet.pl/wyniki/pilka-nozna/1/Liga-dunska-Tabela/46
http://www.sport.onet.pl/najnowsze,https://wyniki.onet.pl/wyniki/pilka-nozna/1/Liga-holenderska-Tabela/57
http://www.sport.onet.pl/najnowsze,https://wyniki.onet.pl/wyniki/pilka-nozna/1/Liga-portugalska-Tabela/61
http://www.sport.onet.pl/najnowsze,https://wyniki.onet.pl/wyniki/pilka-nozna/1/Liga-szkocka-Tabela/64
http://www.sport.onet.pl/najnowsze,https://wyniki.onet.pl/wyniki/pilka-nozna/1/Puchar-Anglii-Wyniki/132
http://www.sport.onet.pl/najnowsze,https://wyniki.onet.pl/wyniki/pilka-nozna/1/Puchar-Hiszpanii-Wyniki/138
http://www.sport.onet.pl/najnowsze,https://wyniki.onet.pl/wyniki/koszykowka/23/NBA-Tabela/390
http://www.sport.onet.pl/najnowsze,https://wyniki.onet.pl/wyniki/hokej-na-lodzie/5/NHL-Tabela/24
http://www.sport.onet.pl/najnowsze,https://wyniki.onet.pl/wyniki/siatkowka/51/Plusliga-Tabela/8936
http://www.sport.onet.pl/najnowsze,https://wyniki.onet.pl/wyniki/pilka-reczna/20/PGNiG-Superliga-Tabela/9036
http://www.sport.onet.pl/najnowsze,https://wyniki.onet.pl/wyniki/koszykowka/23/Energa-Basket-Liga-Tabela/8937
http://www.sport.onet.pl/najnowsze,https://wyniki.onet.pl/wyniki/hokej-na-lodzie/5/Polska-Hokej-Liga-Tabela/9383
http://www.sport.onet.pl/najnowsze,https://wyniki.onet.pl/wyniki/siatkowka/51/Tauron-Liga-Tabela/9399
http://www.sport.onet.pl/najnowsze,https://wyniki.onet.pl/wyniki/pilka-reczna/20/PGNiG-Superliga-Kobiet-Tabela/9037
http://www.sport.onet.pl/najnowsze,https://przegladsportowy.onet.pl/ofsajd/jakub-kosecki-stanal-w-obronie-andrzeja-stekaly-buractwo-jestescie-prostakami/xjbbpmp
http://www.sport.onet.pl/najnowsze,https://przegladsportowy.onet.pl/tenis/australian-open/starcie-mistrzyn-na-australian-open-iga-swiatek-musi-uwazac/n3cq3ml
http://www.sport.onet.pl/najnowsze,https://przegladsportowy.onet.pl/siatkowka/proces-bylych-szefow-pzps-dobiega-konca-sa-oskarzeni-o-korupcje/22hqkp6
http://www.sport.onet.pl/najnowsze,https://przegladsportowy.onet.pl/pilka-nozna/legenda-manchesteru-united-ma-nowy-klub-oko-w-oko-z-jose-mourinho/t03y0yg
http://www.sport.onet.pl/najnowsze,https://przegladsportowy.onet.pl/hokej-na-lodzie/nhl/rosjanin-coraz-blizej-wielkiego-wyczynu-to-niesamowite-co-on-robi/6nklf95
http://www.sport.onet.pl/najnowsze,https://przegladsportowy.onet.pl/sporty-zimowe/skoki-narciarskie/tylko-pieciu-polakow-skacze-w-zakopanem-wszystko-przez-brutalne-przepisy/df7nq9h
http://www.sport.onet.pl/najnowsze,https://przegladsportowy.onet.pl/tenis/amerykanie-zauwazaja-niepokojaca-zmiane-u-aryny-sabalenki-jest-inaczej/4qj888h
http://www.sport.onet.pl/najnowsze,https://przegladsportowy.onet.pl/sporty-zimowe/snowboard/ma-rosyjskie-korzenie-wlasnie-wraca-do-sportu-po-piecioletniej-przerwie/wrrwvs4
http://www.sport.onet.pl/najnowsze,https://przegladsportowy.onet.pl/sporty-zimowe/narciarstwo-alpejskie/szwajcar-franjo-von-allmen-wygral-supergigant-denerwowalem-sie/eg7hsnq
http://www.sport.onet.pl/najnowsze,https://przegladsportowy.onet.pl/sporty-zimowe/biathlon/francuzi-triumfuja-w-sztafecie-tylko-trzy-reprezentacje-za-polska/75efwrl
http://www.sport.onet.pl/najnowsze,https://przegladsportowy.onet.pl/sporty-zimowe/biegi-narciarskie/triumf-norwega-w-les-rousses-odlegle-miejsce-polaka/cxr62qg
http://www.sport.onet.pl/najnowsze,https://przegladsportowy.onet.pl/koszykowka/wszystko-jasne-znamy-szeroka-kadre-polakow-na-mecze-eliminacyjne/vn7kppl
http://www.sport.onet.pl/najnowsze,https://przegladsportowy.onet.pl/pilka-reczna/mistrzostwa-swiata-pilkarzy-recznych/ms-pilkarzy-recznych-czechy-polska-relacja-live-i-wynik-na-zywo/ewzcc3j
http://www.sport.onet.pl/najnowsze,https://przegladsportowy.onet.pl/pilka-nozna/1-liga/polski-klub-zmuszony-do-zmian-w-terminarzu-znamy-powod/8ej75hw
http://www.sport.onet.pl/najnowsze,https://przegladsportowy.onet.pl/motorowe/wielkie-emocje-na-finiszu-rajdu-dakar-oto-co-powiedzieli-polacy/1w0qt6m
http://www.sport.onet.pl/najnowsze,https://przegladsportowy.onet.pl/motorowe/historyczne-zwyciestwo-w-rajdzie-dakar-sa-tez-sukcesy-polakow/dlzbm9j
http://www.sport.onet.pl/najnowsze,https://przegladsportowy.onet.pl/zuzel/ekstraliga/nieprawdopodobny-zwrot-sytuacji-w-gorzowie-jest-komunikat-klubu/wmxlst2
http://www.sport.onet.pl/najnowsze,https://przegladsportowy.onet.pl/pilka-nozna/ekstraklasa/motor-lublin-rozegral-kolejny-sparing-w-belek-gol-kacpra-welniaka/zvlepy0
http://www.sport.onet.pl/najnowsze,https://przegladsportowy.onet.pl/bukmacherzy/tenis/iga-swiatek-emma-raducanu-gdzie-ogladac-za-darmo-i-na-zywo-australian-open-18012025/7xbrwvh
http://www.sport.onet.pl/najnowsze,https://przegladsportowy.onet.pl/pilka-nozna/ekstraklasa/porazka-gks-u-katowice-w-turcji-trzy-stracone-gole/gv7lxrp
http://www.sport.onet.pl/najnowsze,https://przegladsportowy.onet.pl/tenis/australian-open/aryna-sabalenka-wyznala-to-problem-nie-tylko-dla-igi-swiatek-o-moj-boze/q2txjmb
http://www.sport.onet.pl/najnowsze,https://przegladsportowy.onet.pl/pilka-nozna/ekstraklasa/kolejny-sparing-puszczy-niepolomice-zespol-z-kosowa-sprawil-problemy/3dzejw0
http://www.sport.onet.pl/najnowsze,/najnowsze?strona=2
http://www.sport.onet.pl/najnowsze,https://reklama.ringieraxelspringer.pl/brand/przeglad-sportowy?utm_source=przeglad-sportowy&utm_medium=ref&utm_campaign=reklama
http://www.sport.onet.pl/najnowsze,https://premium.onet.pl/regulamin
http://www.sport.onet.pl/najnowsze,https://polityka-prywatnosci.onet.pl
http://www.sport.onet.pl/najnowsze,https://przegladsportowy.onet.pl/kontakt/1xwwxyd
http://www.sport.onet.pl/najnowsze,https://przegladsportowy.onet.pl/mapa-serwisu
http://www.sport.onet.pl/najnowsze,https://przegladsportowy.onet.pl/przeglad-sportowy-aplikacja-mobilna-polityka-prywatnosci/rntz50n
http://www.sport.onet.pl/najnowsze,https://programtv.onet.pl/filtr/sport?dzien=0
http://www.sport.onet.pl/najnowsze,https://przegladsportowy.onet.pl/o-nas
http://www.sport.onet.pl/najnowsze,https://www.onet.pl
http://www.sport.onet.pl/najnowsze,https://www.onet.pl
http://www.sport.onet.pl/najnowsze,https://przegladsportowy.onet.pl/
http://www.sport.onet.pl/najnowsze,/subskrypcja?src=topBar&tpcc=topBar&articleuuid=&articleUrl=https%3A%2F%2Fprzegladsportowy.onet.pl%2Fnajnowsze&source_dx=
http://www.sport.onet.pl/najnowsze,https://poczta.onet.pl/
http://www.sport.onet.pl/najnowsze,https://plebiscyt.przegladsportowy.pl/
http://www.sport.onet.pl/najnowsze,https://przegladsportowy.onet.pl/pilka-nozna
http://www.sport.onet.pl/najnowsze,https://przegladsportowy.onet.pl/tenis
http://www.sport.onet.pl/najnowsze,https://przegladsportowy.onet.pl/siatkowka
http://www.sport.onet.pl/najnowsze,https://przegladsportowy.onet.pl/zuzel
http://www.sport.onet.pl/najnowsze,https://przegladsportowy.onet.pl/sporty-zimowe/skoki-narciarskie
http://www.sport.onet.pl/najnowsze,https://przegladsportowy.onet.pl/premium
http://www.sport.onet.pl/najnowsze,https://przegladsportowy.onet.pl/bukmacherzy
http://www.sport.onet.pl/najnowsze,https://przegladsportowy.onet.pl/ofsajd
http://www.sport.onet.pl/najnowsze,https://przegladsportowy.onet.pl/alpinizm
http://www.sport.onet.pl/najnowsze,https://przegladsportowy.onet.pl/badminton
http://www.sport.onet.pl/najnowsze,https://przegladsportowy.onet.pl/baseball
http://www.sport.onet.pl/najnowsze,https://przegladsportowy.onet.pl/sporty-zimowe/biathlon
http://www.sport.onet.pl/najnowsze,https://przegladsportowy.onet.pl/czas-na-bieganie
http://www.sport.onet.pl/najnowsze,https://przegladsportowy.onet.pl/sporty-zimowe/biegi-narciarskie
http://www.sport.onet.pl/najnowsze,https://przegladsportowy.onet.pl/boks
http://www.sport.onet.pl/najnowsze,https://przegladsportowy.onet.pl/drift-masters
http://www.sport.onet.pl/najnowsze,https://przegladsportowy.onet.pl/esportmania
http://www.sport.onet.pl/najnowsze,https://przegladsportowy.onet.pl/felietony
http://www.sport.onet.pl/najnowsze,https://przegladsportowy.onet.pl/fitness-i-porady
http://www.sport.onet.pl/najnowsze,https://przegladsportowy.onet.pl/formula-1
http://www.sport.onet.pl/najnowsze,https://przegladsportowy.onet.pl/futbol-amerykanski
http://www.sport.onet.pl/najnowsze,https://przegladsportowy.onet.pl/pilka-nozna/futsal
http://www.sport.onet.pl/najnowsze,https://przegladsportowy.onet.pl/gimnastyka
http://www.sport.onet.pl/najnowsze,https://przegladsportowy.onet.pl/golf
http://www.sport.onet.pl/najnowsze,https://przegladsportowy.onet.pl/hokej-na-lodzie/
http://www.sport.onet.pl/najnowsze,https://przegladsportowy.onet.pl/hokej-na-trawie
http://www.sport.onet.pl/najnowsze,https://przegladsportowy.onet.pl/igrzyska-olimpijskie
http://www.sport.onet.pl/najnowsze,https://przegladsportowy.onet.pl/inne-sporty
http://www.sport.onet.pl/najnowsze,https://przegladsportowy.onet.pl/jezdziectwo
http://www.sport.onet.pl/najnowsze,https://przegladsportowy.onet.pl/judo
http://www.sport.onet.pl/najnowsze,https://przegladsportowy.onet.pl/junior
http://www.sport.onet.pl/najnowsze,https://przegladsportowy.onet.pl/kajakarstwo
http://www.sport.onet.pl/najnowsze,https://przegladsportowy.onet.pl/kolarstwo
http://www.sport.onet.pl/najnowsze,https://przegladsportowy.onet.pl/koszykowka
http://www.sport.onet.pl/najnowsze,https://przegladsportowy.onet.pl/lekkoatletyka
http://www.sport.onet.pl/najnowsze,https://przegladsportowy.onet.pl/lucznictwo
http://www.sport.onet.pl/najnowsze,https://przegladsportowy.onet.pl/sporty-zimowe/lyzwiarstwo
http://www.sport.onet.pl/najnowsze,https://przegladsportowy.onet.pl/misja-futbol
http://www.sport.onet.pl/najnowsze,https://przegladsportowy.onet.pl/misja-sport
http://www.sport.onet.pl/najnowsze,https://przegladsportowy.onet.pl/mma
http://www.sport.onet.pl/najnowsze,https://przegladsportowy.onet.pl/motorowe
http://www.sport.onet.pl/najnowsze,https://przegladsportowy.onet.pl/paraolimpiada
http://www.sport.onet.pl/najnowsze,https://przegladsportowy.onet.pl/igrzyska-olimpijskie/paryz-2024
http://www.sport.onet.pl/najnowsze,https://przegladsportowy.onet.pl/piecioboj-nowoczesny
http://www.sport.onet.pl/najnowsze,https://przegladsportowy.onet.pl/pilka-reczna
http://www.sport.onet.pl/najnowsze,https://przegladsportowy.onet.pl/plywanie
http://www.sport.onet.pl/najnowsze,https://przegladsportowy.onet.pl/podcasty
http://www.sport.onet.pl/najnowsze,https://przegladsportowy.onet.pl/podnoszenie-ciezarow
http://www.sport.onet.pl/najnowsze,https://przegladsportowy.onet.pl/polska-liga-esportowa
http://www.sport.onet.pl/najnowsze,https://przegladsportowy.onet.pl/porsche-esports-2023
http://www.sport.onet.pl/najnowsze,https://przegladsportowy.onet.pl/ps-historia
http://www.sport.onet.pl/najnowsze,https://gameplanet.onet.pl/gry-online/sportowe/pilka-nozna/quiz-sedzia/lpl06wy
http://www.sport.onet.pl/najnowsze,https://przegladsportowy.onet.pl/rugby
http://www.sport.onet.pl/najnowsze,https://przegladsportowy.onet.pl/snooker
http://www.sport.onet.pl/najnowsze,https://przegladsportowy.onet.pl/sport-akademicki
http://www.sport.onet.pl/najnowsze,https://przegladsportowy.onet.pl/sporty-adaptowane
http://www.sport.onet.pl/najnowsze,https://przegladsportowy.onet.pl/sporty-lotnicze
http://www.sport.onet.pl/najnowsze,https://przegladsportowy.onet.pl/sporty-motorowodne
http://www.sport.onet.pl/najnowsze,https://przegladsportowy.onet.pl/sporty-walki
http://www.sport.onet.pl/najnowsze,https://przegladsportowy.onet.pl/squash
http://www.sport.onet.pl/najnowsze,https://przegladsportowy.onet.pl/strzelectwo
http://www.sport.onet.pl/najnowsze,https://przegladsportowy.onet.pl/szachy
http://www.sport.onet.pl/najnowsze,https://przegladsportowy.onet.pl/szermierka
http://www.sport.onet.pl/najnowsze,https://przegladsportowy.onet.pl/tenis-stolowy
http://www.sport.onet.pl/najnowsze,https://przegladsportowy.onet.pl/kolarstwo/tour-de-pologne
http://www.sport.onet.pl/najnowsze,https://przegladsportowy.onet.pl/triathlon
http://www.sport.onet.pl/najnowsze,https://przegladsportowy.onet.pl/wioslarstwo
http://www.sport.onet.pl/najnowsze,https://przegladsportowy.onet.pl/wspinaczka-sportowa
http://www.sport.onet.pl/najnowsze,https://przegladsportowy.onet.pl/zapasy
http://www.sport.onet.pl/najnowsze,https://przegladsportowy.onet.pl/sporty-zimowe
http://www.sport.onet.pl/najnowsze,https://przegladsportowy.onet.pl/zeglarstwo
http://www.sport.onet.pl/najnowsze,https://wyniki.onet.pl/wyniki/pilka-nozna/1/Ekstraklasa-Tabela/196
http://www.sport.onet.pl/najnowsze,https://przegladsportowy.onet.pl/pilka-nozna/eliminacje-me/eliminacje-euro-2024-tabele-wszystkich-grup-jak-wygladaja-grupy-zobacz/t5myg5p
http://www.sport.onet.pl/najnowsze,https://wyniki.onet.pl/wyniki/pilka-nozna/1/Liga-Mistrzow-Tabela/42
http://www.sport.onet.pl/najnowsze,https://wyniki.onet.pl/wyniki/pilka-nozna/1/Liga-Europy-Tabela/73
http://www.sport.onet.pl/najnowsze,https://wyniki.onet.pl/wyniki/pilka-nozna/1/LaLiga-Tabela/87
http://www.sport.onet.pl/najnowsze,https://wyniki.onet.pl/wyniki/pilka-nozna/1/Liga-Konferencji-Europy-Tabela/10216
http://www.sport.onet.pl/najnowsze,https://wyniki.onet.pl/wyniki/pilka-nozna/1/Premier-League-Tabela/47
http://www.sport.onet.pl/najnowsze,https://wyniki.onet.pl/wyniki/pilka-nozna/1/Bundesliga-Tabela/54
http://www.sport.onet.pl/najnowsze,https://wyniki.onet.pl/wyniki/pilka-nozna/1/Serie-A-Tabela/55
http://www.sport.onet.pl/najnowsze,https://wyniki.onet.pl/wyniki/pilka-nozna/1/Ligue-1-Tabela/53
http://www.sport.onet.pl/najnowsze,https://wyniki.onet.pl/wyniki/pilka-nozna/1/Liga-Narodow-A-Tabela/9806
http://www.sport.onet.pl/najnowsze,https://wyniki.onet.pl/wyniki/pilka-nozna/1/1-Liga-Tabela/197
http://www.sport.onet.pl/najnowsze,https://wyniki.onet.pl/wyniki/pilka-nozna/1/Polska-2-Liga-Tabela/8935
http://www.sport.onet.pl/najnowsze,https://wyniki.onet.pl/wyniki/pilka-nozna/1/Liga-belgijska-Tabela/40
http://www.sport.onet.pl/najnowsze,https://wyniki.onet.pl/wyniki/pilka-nozna/1/Liga-dunska-Tabela/46
http://www.sport.onet.pl/najnowsze,https://wyniki.onet.pl/wyniki/pilka-nozna/1/Liga-holenderska-Tabela/57
http://www.sport.onet.pl/najnowsze,https://wyniki.onet.pl/wyniki/pilka-nozna/1/Liga-portugalska-Tabela/61
http://www.sport.onet.pl/najnowsze,https://wyniki.onet.pl/wyniki/pilka-nozna/1/Liga-szkocka-Tabela/64
http://www.sport.onet.pl/najnowsze,https://wyniki.onet.pl/wyniki/pilka-nozna/1/Puchar-Anglii-Wyniki/132
http://www.sport.onet.pl/najnowsze,https://wyniki.onet.pl/wyniki/pilka-nozna/1/Puchar-Hiszpanii-Wyniki/138
http://www.sport.onet.pl/najnowsze,https://wyniki.onet.pl/wyniki/koszykowka/23/NBA-Tabela/390
http://www.sport.onet.pl/najnowsze,https://wyniki.onet.pl/wyniki/hokej-na-lodzie/5/NHL-Tabela/24
http://www.sport.onet.pl/najnowsze,https://wyniki.onet.pl/wyniki/siatkowka/51/Plusliga-Tabela/8936
http://www.sport.onet.pl/najnowsze,https://wyniki.onet.pl/wyniki/pilka-reczna/20/PGNiG-Superliga-Tabela/9036
http://www.sport.onet.pl/najnowsze,https://wyniki.onet.pl/wyniki/koszykowka/23/Energa-Basket-Liga-Tabela/8937
http://www.sport.onet.pl/najnowsze,https://wyniki.onet.pl/wyniki/hokej-na-lodzie/5/Polska-Hokej-Liga-Tabela/9383
http://www.sport.onet.pl/najnowsze,https://wyniki.onet.pl/wyniki/siatkowka/51/Tauron-Liga-Tabela/9399
http://www.sport.onet.pl/najnowsze,https://wyniki.onet.pl/wyniki/pilka-reczna/20/PGNiG-Superliga-Kobiet-Tabela/9037
http://www.sport.onet.pl/najnowsze,https://przegladsportowy.onet.pl/ofsajd/jakub-kosecki-stanal-w-obronie-andrzeja-stekaly-buractwo-jestescie-prostakami/xjbbpmp
http://www.sport.onet.pl/najnowsze,https://przegladsportowy.onet.pl/tenis/australian-open/starcie-mistrzyn-na-australian-open-iga-swiatek-musi-uwazac/n3cq3ml
http://www.sport.onet.pl/najnowsze,https://przegladsportowy.onet.pl/siatkowka/proces-bylych-szefow-pzps-dobiega-konca-sa-oskarzeni-o-korupcje/22hqkp6
http://www.sport.onet.pl/najnowsze,https://przegladsportowy.onet.pl/pilka-nozna/legenda-manchesteru-united-ma-nowy-klub-oko-w-oko-z-jose-mourinho/t03y0yg
http://www.sport.onet.pl/najnowsze,https://przegladsportowy.onet.pl/hokej-na-lodzie/nhl/rosjanin-coraz-blizej-wielkiego-wyczynu-to-niesamowite-co-on-robi/6nklf95
http://www.sport.onet.pl/najnowsze,https://przegladsportowy.onet.pl/sporty-zimowe/skoki-narciarskie/tylko-pieciu-polakow-skacze-w-zakopanem-wszystko-przez-brutalne-przepisy/df7nq9h
http://www.sport.onet.pl/najnowsze,https://przegladsportowy.onet.pl/tenis/amerykanie-zauwazaja-niepokojaca-zmiane-u-aryny-sabalenki-jest-inaczej/4qj888h
http://www.sport.onet.pl/najnowsze,https://przegladsportowy.onet.pl/sporty-zimowe/snowboard/ma-rosyjskie-korzenie-wlasnie-wraca-do-sportu-po-piecioletniej-przerwie/wrrwvs4
http://www.sport.onet.pl/najnowsze,https://przegladsportowy.onet.pl/sporty-zimowe/narciarstwo-alpejskie/szwajcar-franjo-von-allmen-wygral-supergigant-denerwowalem-sie/eg7hsnq
http://www.sport.onet.pl/najnowsze,https://przegladsportowy.onet.pl/sporty-zimowe/biathlon/francuzi-triumfuja-w-sztafecie-tylko-trzy-reprezentacje-za-polska/75efwrl
http://www.sport.onet.pl/najnowsze,https://przegladsportowy.onet.pl/sporty-zimowe/biegi-narciarskie/triumf-norwega-w-les-rousses-odlegle-miejsce-polaka/cxr62qg
http://www.sport.onet.pl/najnowsze,https://przegladsportowy.onet.pl/koszykowka/wszystko-jasne-znamy-szeroka-kadre-polakow-na-mecze-eliminacyjne/vn7kppl
http://www.sport.onet.pl/najnowsze,https://przegladsportowy.onet.pl/pilka-reczna/mistrzostwa-swiata-pilkarzy-recznych/ms-pilkarzy-recznych-czechy-polska-relacja-live-i-wynik-na-zywo/ewzcc3j
http://www.sport.onet.pl/najnowsze,https://przegladsportowy.onet.pl/pilka-nozna/1-liga/polski-klub-zmuszony-do-zmian-w-terminarzu-znamy-powod/8ej75hw
http://www.sport.onet.pl/najnowsze,https://przegladsportowy.onet.pl/motorowe/wielkie-emocje-na-finiszu-rajdu-dakar-oto-co-powiedzieli-polacy/1w0qt6m
http://www.sport.onet.pl/najnowsze,https://przegladsportowy.onet.pl/motorowe/historyczne-zwyciestwo-w-rajdzie-dakar-sa-tez-sukcesy-polakow/dlzbm9j
http://www.sport.onet.pl/najnowsze,https://przegladsportowy.onet.pl/zuzel/ekstraliga/nieprawdopodobny-zwrot-sytuacji-w-gorzowie-jest-komunikat-klubu/wmxlst2
http://www.sport.onet.pl/najnowsze,https://przegladsportowy.onet.pl/pilka-nozna/ekstraklasa/motor-lublin-rozegral-kolejny-sparing-w-belek-gol-kacpra-welniaka/zvlepy0
http://www.sport.onet.pl/najnowsze,https://przegladsportowy.onet.pl/bukmacherzy/tenis/iga-swiatek-emma-raducanu-gdzie-ogladac-za-darmo-i-na-zywo-australian-open-18012025/7xbrwvh
http://www.sport.onet.pl/najnowsze,https://przegladsportowy.onet.pl/pilka-nozna/ekstraklasa/porazka-gks-u-katowice-w-turcji-trzy-stracone-gole/gv7lxrp
http://www.sport.onet.pl/najnowsze,https://przegladsportowy.onet.pl/tenis/australian-open/aryna-sabalenka-wyznala-to-problem-nie-tylko-dla-igi-swiatek-o-moj-boze/q2txjmb
http://www.sport.onet.pl/najnowsze,https://przegladsportowy.onet.pl/pilka-nozna/ekstraklasa/kolejny-sparing-puszczy-niepolomice-zespol-z-kosowa-sprawil-problemy/3dzejw0
http://www.sport.onet.pl/najnowsze,/najnowsze?strona=2
http://www.sport.onet.pl/najnowsze,https://reklama.ringieraxelspringer.pl/brand/przeglad-sportowy?utm_source=przeglad-sportowy&utm_medium=ref&utm_campaign=reklama
http://www.sport.onet.pl/najnowsze,https://premium.onet.pl/regulamin
http://www.sport.onet.pl/najnowsze,https://polityka-prywatnosci.onet.pl
http://www.sport.onet.pl/najnowsze,https://przegladsportowy.onet.pl/kontakt/1xwwxyd
http://www.sport.onet.pl/najnowsze,https://przegladsportowy.onet.pl/mapa-serwisu
http://www.sport.onet.pl/najnowsze,https://przegladsportowy.onet.pl/przeglad-sportowy-aplikacja-mobilna-polityka-prywatnosci/rntz50n
http://www.sport.onet.pl/najnowsze,https://programtv.onet.pl/filtr/sport?dzien=0
http://www.sport.onet.pl/najnowsze,https://przegladsportowy.onet.pl/o-nas
